Date,Price (USD)
2025-03-13 21:01:46.586000,81656.03101584468
2025-03-13 22:08:53.332000,81825.63712399587
2025-03-13 23:04:47.145000,81014.47157692818
2025-03-14 00:12:15.955000,80684.14399248677
2025-03-14 01:09:57.127000,80383.07163334191
2025-03-14 02:03:35.222000,80796.81759111806
2025-03-14 03:04:59.379000,80217.83930689494
2025-03-14 04:09:56.452000,80339.66102446825
2025-03-14 05:05:14.752000,80647.62378166379
2025-03-14 06:17:54.208000,81318.85219010353
2025-03-14 07:14:42.006000,80857.26701703468
2025-03-14 08:01:12.907000,81572.1907424432
2025-03-14 09:09:42.635000,81700.5458810393
2025-03-14 10:09:41.695000,82029.29376942904
2025-03-14 11:01:42.009000,81814.60028807537
2025-03-14 12:00:30.032000,81929.68374665309
2025-03-14 13:09:47.673000,82109.20290001745
2025-03-14 14:08:51.504000,81961.84041200494
2025-03-14 15:06:41.610000,82293.4314146896
2025-03-14 16:04:10.784000,82591.2804864649
2025-03-14 17:03:30.150000,82765.49277586125
2025-03-14 18:05:36.747000,83032.3513594644
2025-03-14 19:04:53.658000,83285.94816925052
2025-03-14 20:04:45.028000,83412.0919014835
2025-03-14 21:02:04.791000,83596.51735562595
2025-03-14 22:04:31.069000,83264.95867344199
2025-03-14 23:08:45.726000,84727.83488216766
2025-03-15 00:10:37.259000,84622.75627876476
2025-03-15 01:08:53.081000,84553.36384711522
2025-03-15 02:01:21.868000,84565.22545311949
2025-03-15 03:04:44.117000,84536.46356442082
2025-03-15 04:09:43.239000,84131.61719559043
2025-03-15 05:05:39.281000,84207.15781003753
2025-03-15 06:10:11.528000,84346.89648742026
2025-03-15 07:03:07.120000,83955.00378884435
2025-03-15 08:04:56.647000,84316.41004792161
2025-03-15 09:04:51.660000,84378.94751072212
2025-03-15 10:09:40.158000,84505.5781189017
2025-03-15 11:02:54.927000,84476.52475723809
2025-03-15 12:07:20.634000,84381.74557966145
2025-03-15 13:04:14.908000,84314.86749685973
2025-03-15 14:04:53.862000,84170.28914764302
2025-03-15 15:09:47.702000,83863.26278107218
2025-03-15 16:00:28.305000,83953.64902106512
2025-03-15 17:09:56.545000,83931.86372679561
2025-03-15 18:04:59.472000,83924.71665747926
2025-03-15 19:04:55.566000,84077.984480905
2025-03-15 20:05:02.074000,84133.58364594172
2025-03-15 21:04:52.340000,84397.93103623143
2025-03-15 22:03:13.955000,84141.80648875001
2025-03-15 23:11:31.681000,84282.5733553542
2025-03-16 00:04:00.332000,84351.03100749975
2025-03-16 01:09:25.080000,84450.69621702406
2025-03-16 02:09:50.983000,84173.30840256019
2025-03-16 03:04:57.504000,84295.2224544024
2025-03-16 04:02:18.200000,84369.37930960456
2025-03-16 05:04:59.786000,84374.89491697127
2025-03-16 06:09:39.407000,84358.9159883021
2025-03-16 07:08:46.119000,84354.47191448158
2025-03-16 08:04:44.371000,84244.23238441288
2025-03-16 09:02:06.515000,83899.48633774147
2025-03-16 10:02:06.534000,83955.58636192667
2025-03-16 11:04:52.346000,84323.27268421142
2025-03-16 12:04:55.469000,84418.91164824746
2025-03-16 13:04:54.666000,84356.03663149933
2025-03-16 14:06:12.598000,84219.52762087784
2025-03-16 15:04:51.494000,84278.08716723607
2025-03-16 16:07:28.503000,84223.87397209837
2025-03-16 17:04:59.794000,83875.92487677633
2025-03-16 18:09:59.680000,83404.4666080581
2025-03-16 19:04:54.861000,82420.98968021553
2025-03-16 20:08:03.310000,82904.91793465686
2025-03-16 21:09:41.610000,82891.18824385572
2025-03-16 22:03:58.489000,83368.7697151249
2025-03-16 23:03:49.887000,83327.41736609103
2025-03-17 00:10:45.596000,83963.75617065372
2025-03-17 01:09:56.347000,83850.26919968214
2025-03-17 02:11:05.959000,83673.10408191198
2025-03-17 03:09:45.562000,83257.2524364498
2025-03-17 04:09:52.499000,83054.93850488712
2025-03-17 05:04:49.388000,82743.13181426356
2025-03-17 06:04:36.763000,82077.84518119802
2025-03-17 07:09:48.565000,82617.7331241566
2025-03-17 08:09:39.987000,83064.70985538384
2025-03-17 09:04:49.745000,83208.95029801303
2025-03-17 10:04:59.644000,83260.16652548696
2025-03-17 11:04:51.969000,83712.82326596747
2025-03-17 12:08:24.494000,83431.48057163977
2025-03-17 13:09:52.918000,83272.61714728127
2025-03-17 14:07:04.946000,83393.68086720291
2025-03-17 15:04:55.798000,83528.44238695232
2025-03-17 16:09:01.238000,83476.89973804823
2025-03-17 17:05:23.532000,83625.88247117506
2025-03-17 18:09:49.971000,83284.93030929644
2025-03-17 19:09:48.018000,83333.77147533474
2025-03-17 20:04:49.787000,83054.86326244925
2025-03-17 21:04:53.348000,82932.58142558922
2025-03-17 22:04:32.566000,82888.72671035347
2025-03-17 23:09:48.870000,83583.93818642639
2025-03-18 00:04:59.198000,83415.90071838192
2025-03-18 01:00:56.990000,84228.23544937836
2025-03-18 02:09:47.967000,84448.92794202417
2025-03-18 03:05:38.530000,84430.83006819447
2025-03-18 04:09:55.756000,83977.89583491963
2025-03-18 05:04:51.757000,84088.43956648538
2025-03-18 06:09:50.509000,83980.78904995437
2025-03-18 07:09:50.724000,83920.30721263391
2025-03-18 08:10:18.377000,83877.42295483136
2025-03-18 09:04:56.090000,83130.45397201553
2025-03-18 10:04:53.586000,83351.13970133282
2025-03-18 11:04:43.054000,83100.42286596482
2025-03-18 12:05:26.572000,82998.59763474177
2025-03-18 13:05:34.401000,82988.83415321489
2025-03-18 14:04:56.844000,82428.06846517629
2025-03-18 15:09:51.650000,83261.71116076875
2025-03-18 16:09:55.433000,83276.43582703028
2025-03-18 17:08:11.714000,82922.10615223943
2025-03-18 18:01:52.388000,82787.295493254
2025-03-18 19:00:27.284000,82545.12487759089
2025-03-18 20:04:29.694000,82384.51632667694
2025-03-18 21:00:58.454000,81259.85862657995
2025-03-18 22:09:29.308000,81632.93965990763
2025-03-18 23:03:57.520000,81559.34875411353
2025-03-19 00:09:57.799000,81873.62930637106
2025-03-19 01:09:33.732000,81380.28829871821
2025-03-19 02:06:12.655000,81839.8881631514
2025-03-19 03:04:44.736000,82201.79412495729
2025-03-19 04:09:49.790000,82051.95957857351
2025-03-19 05:04:54.632000,82001.52920368989
2025-03-19 06:09:43.793000,82500.92476738001
2025-03-19 07:04:44.135000,82780.03048688271
2025-03-19 08:04:53.381000,83100.88640848425
2025-03-19 09:04:43.475000,82703.69232896074
2025-03-19 10:09:47.349000,82938.50804446227
2025-03-19 11:06:29.964000,83058.47252533144
2025-03-19 12:08:41.242000,82996.62990102176
2025-03-19 13:09:42.092000,83177.70738079348
2025-03-19 14:04:37.914000,83171.46725678681
2025-03-19 15:04:54.827000,83182.95823272505
2025-03-19 16:07:04.438000,83388.41592982221
2025-03-19 17:00:39.083000,83531.79129549615
2025-03-19 18:05:34.537000,83486.04202178019
2025-03-19 19:08:32.064000,83776.84720807298
2025-03-19 20:01:52.346000,83761.43747882382
2025-03-19 21:04:35.249000,84191.81444671717
2025-03-19 22:04:47.607000,84218.7779651746
2025-03-19 23:09:55.991000,84620.39023500234
2025-03-20 00:04:50.905000,84590.9687216577
2025-03-20 01:04:48.509000,84258.56237624737
2025-03-20 02:04:45.580000,85888.99366381548
2025-03-20 03:04:50.222000,85452.54273371371
2025-03-20 04:04:33.933000,85343.76599188604
2025-03-20 05:04:49.130000,85629.40668023448
2025-03-20 06:04:53.861000,86185.41143785912
2025-03-20 07:04:56.352000,86815.44109470697
2025-03-20 08:05:33.760000,86023.02793690139
2025-03-20 09:04:23.058000,85865.46977691361
2025-03-20 10:01:13.197000,86081.32251805106
2025-03-20 11:06:20.572000,85924.85863959961
2025-03-20 12:16:13.222000,85636.4698965906
2025-03-20 13:23:30.852000,85894.57540910708
2025-03-20 14:04:43.368000,85779.65947424584
2025-03-20 15:04:40.385000,85846.60645541982
2025-03-20 16:09:21.861000,86229.67963508387
2025-03-20 17:04:56.892000,85882.7039898859
2025-03-20 18:09:45.527000,85222.63297451382
2025-03-20 19:09:30.931000,85380.33161914661
2025-03-20 20:04:48.987000,85310.96814284839
2025-03-20 21:04:38.923000,85504.94400788672
2025-03-20 22:07:38.884000,85405.15657351525
2025-03-20 23:04:51.036000,84683.88848622817
2025-03-21 00:02:37.273000,83735.87324881191
2025-03-21 01:04:32.534000,84006.03482067536
2025-03-21 02:05:28.951000,84040.25543267331
2025-03-21 03:01:53.316000,84134.39141427614
2025-03-21 04:07:32.669000,84531.19085429756
2025-03-21 05:04:48.566000,84309.65715170768
2025-03-21 06:04:57.112000,84087.18295443771
2025-03-21 07:07:16.021000,84326.23460828917
2025-03-21 08:04:55.872000,84473.8179802995
2025-03-21 09:04:51.821000,84743.39249862774
2025-03-21 10:04:06.012000,84634.46695960859
2025-03-21 11:04:55.452000,84474.66633967978
2025-03-21 12:03:49.726000,84630.85046766164
2025-03-21 13:04:41.835000,84437.76675727686
2025-03-21 14:06:31.572000,84179.23584511163
2025-03-21 15:02:16.823000,83881.93676879247
2025-03-21 16:04:56.072000,83989.60535436933
2025-03-21 17:01:33.900000,84094.71763124721
2025-03-21 18:01:11.378000,84153.42484945175
2025-03-21 19:09:27.011000,84090.37418372162
2025-03-21 20:09:28.668000,83378.30606761425
2025-03-21 21:04:33.272000,83962.6562833777
2025-03-21 22:09:49.697000,84086.27070181312
2025-03-21 23:09:48.273000,83441.73355131772
2025-03-22 00:04:59.819000,84061.42075215005
2025-03-22 01:04:40.575000,83979.4455154189
2025-03-22 02:09:35.355000,83969.07347934862
2025-03-22 03:04:40.747000,83956.06190164157
2025-03-22 04:04:52.393000,84195.35014198667
2025-03-22 05:04:50.392000,84331.08912652876
2025-03-22 06:01:17.806000,84143.3705534662
2025-03-22 07:05:00.207000,84009.532917822
2025-03-22 08:05:11.252000,84167.8697252113
2025-03-22 09:06:50.265000,84014.19303884667
2025-03-22 10:04:57.034000,84158.98941802121
2025-03-22 11:04:53.997000,84228.4931007714
2025-03-22 12:04:41.205000,84349.53250237869
2025-03-22 13:02:46.938000,84267.59944731584
2025-03-22 14:04:49.989000,84314.71637816796
2025-03-22 15:07:33.014000,84238.86837592987
2025-03-22 16:01:31.570000,84203.20734855889
2025-03-22 17:03:54.953000,84346.3661567513
2025-03-22 18:04:43.065000,84392.82009721096
2025-03-22 19:04:10.151000,84208.98723312806
2025-03-22 20:04:55.227000,84212.39615152313
2025-03-22 21:05:27.025000,84148.9958208313
2025-03-22 22:00:52.609000,84003.42768297587
2025-03-22 23:00:40.710000,84106.99527875872
2025-03-23 00:07:48.007000,84112.46732431548
2025-03-23 01:00:32.867000,84228.27462397689
2025-03-23 02:05:13.389000,84228.95217301375
2025-03-23 03:04:50.124000,84164.286334733
2025-03-23 04:04:56.272000,83914.13490809177
2025-03-23 05:04:57.312000,83994.80525653713
2025-03-23 06:04:56.175000,83948.80437413476
2025-03-23 07:04:56.860000,83823.01245126098
2025-03-23 08:01:44.609000,83994.73650641015
2025-03-23 09:04:45.378000,84054.10410734905
2025-03-23 10:01:53.072000,84220.40851733647
2025-03-23 11:04:47.779000,84199.37799419848
2025-03-23 12:09:34.802000,84125.97474677162
2025-03-23 13:04:57.079000,84204.78308895703
2025-03-23 14:04:49.362000,84255.48012582533
2025-03-23 15:09:35.553000,84281.47572220222
2025-03-23 16:04:54.939000,84338.92959046464
2025-03-23 17:09:43.596000,84308.26196392841
2025-03-23 18:04:47.110000,84445.14986317117
2025-03-23 19:02:29.342000,84658.59701739515
2025-03-23 20:04:50.300000,84705.0272672479
2025-03-23 21:04:50.859000,85060.61255461848
2025-03-23 22:08:33.578000,84946.52220438045
2025-03-23 23:14:30.962000,85149.72744367947
2025-03-24 00:09:42.266000,85371.1391031313
2025-03-24 01:09:45.764000,84954.75634459515
2025-03-24 02:07:02.661000,84930.81430153771
2025-03-24 03:01:38.964000,85011.00877668706
2025-03-24 04:06:25.198000,85050.65759373661
2025-03-24 05:04:46.735000,85194.14813792474
2025-03-24 06:05:28.734000,85396.29041826307
2025-03-24 07:04:50.591000,86114.33370456511
2025-03-24 08:06:43.288000,85858.27751657135
2025-03-24 09:06:00.414000,85560.23956148796
2025-03-24 10:04:43.755000,85883.039117483
2025-03-24 11:04:55.539000,86587.00817085963
2025-03-24 12:04:49.483000,86894.07650042877
2025-03-24 13:06:00.777000,86946.04244661995
2025-03-24 14:03:09.256000,87126.56799401094
2025-03-24 15:09:30.685000,87083.94017266696
2025-03-24 16:04:25.158000,87419.9071984332
2025-03-24 17:04:52.924000,87172.88980549254
2025-03-24 18:04:57.114000,87807.28866290172
2025-03-24 19:05:39.697000,87686.17138536507
2025-03-24 20:04:36.379000,87346.75998699872
2025-03-24 21:09:42.611000,88039.63937738597
2025-03-24 22:04:53.797000,87952.73226527461
2025-03-24 23:04:52.429000,88339.89035924661
2025-03-25 00:04:33.095000,88015.45327020861
2025-03-25 01:04:48.419000,88462.86393414128
2025-03-25 02:04:45.767000,88474.3135894229
2025-03-25 03:04:58.636000,88259.76395777306
2025-03-25 04:04:48.266000,87866.17486946298
2025-03-25 05:02:19.480000,88188.34015751413
2025-03-25 06:08:01.895000,87355.15333559812
2025-03-25 07:05:35.024000,87404.87649068212
2025-03-25 08:04:32.481000,87622.78459104586
2025-03-25 09:04:34.878000,87132.16734771413
2025-03-25 10:04:39.460000,86869.50462202856
2025-03-25 11:04:46.977000,86427.65033425306
2025-03-25 12:00:27.507000,86436.2290521335
2025-03-25 13:04:46.330000,86671.25268250058
2025-03-25 14:05:00.079000,86618.22840507625
2025-03-25 15:04:48.691000,86460.41782128905
2025-03-25 16:04:20.747000,86724.36314353025
2025-03-25 17:04:56.752000,87273.9836862527
2025-03-25 18:04:14.450000,87138.136227693
2025-03-25 19:04:27.476000,87413.3113487359
2025-03-25 20:05:12.968000,87103.10754688627
2025-03-25 21:00:46.888000,87425.59711353843
2025-03-25 22:09:32.314000,88106.52827227654
2025-03-25 23:02:51.011000,87772.72551391833
2025-03-26 00:04:46.570000,87826.12190670078
2025-03-26 01:09:43.094000,87974.75685468162
2025-03-26 02:09:34.488000,87960.9259253167
2025-03-26 03:04:48.021000,88199.60526776778
2025-03-26 04:06:02.933000,87936.51137016094
2025-03-26 05:03:50.062000,87741.71106058777
2025-03-26 06:06:38.826000,87321.36793603227
2025-03-26 07:04:49.354000,87424.06865781397
2025-03-26 08:06:11.688000,87647.88550868542
2025-03-26 09:04:33.658000,87874.30791795647
2025-03-26 10:01:26.021000,87371.3491304742
2025-03-26 11:05:49.174000,87205.4427253819
2025-03-26 12:04:10.281000,87334.3860075193
2025-03-26 13:04:47.764000,87538.98447599208
2025-03-26 14:04:40.675000,87953.57974749732
2025-03-26 15:04:37.452000,88159.21504635461
2025-03-26 16:05:21.981000,87983.70142460795
2025-03-26 17:01:25.788000,87922.27667040464
2025-03-26 18:04:55.270000,88240.46256324385
2025-03-26 19:04:28.151000,87998.8047039292
2025-03-26 20:04:48.961000,87795.45224485123
2025-03-26 21:03:50.683000,87219.71294548987
2025-03-26 22:04:51.003000,86823.44172743564
2025-03-26 23:01:11.211000,86745.53174766526
2025-03-27 00:04:35.693000,86454.04031914235
2025-03-27 01:04:40.575000,86566.57610290994
2025-03-27 02:04:53.403000,86217.63942503363
2025-03-27 03:04:50.699000,86625.17449589507
2025-03-27 04:04:30.530000,87199.42852219005
2025-03-27 05:03:01.708000,87150.9659589762
2025-03-27 06:08:00.483000,86817.98796198177
2025-03-27 07:04:41.339000,86913.68578612641
2025-03-27 08:04:39.772000,87277.52244284363
2025-03-27 09:09:46.260000,87484.22713450069
2025-03-27 10:04:43.770000,87636.52233889826
2025-03-27 11:04:46.185000,87684.58507410828
2025-03-27 12:04:42.858000,87519.00306751425
2025-03-27 13:04:50.281000,87309.51046145338
2025-03-27 14:04:20.200000,87382.68434468325
2025-03-27 15:04:47.531000,87426.40019335548
2025-03-27 16:04:29.709000,87468.52663938893
2025-03-27 17:04:51.079000,87517.37274800161
2025-03-27 18:04:44.174000,87227.42279262032
2025-03-27 19:05:55.794000,86886.0329308739
2025-03-27 20:04:47.921000,86836.77934030221
2025-03-27 21:04:51.705000,86311.36672144024
2025-03-27 22:04:46.582000,87284.7757395601
2025-03-27 23:03:56.795000,86951.76421649675
2025-03-28 00:03:15.939000,86803.87202525735
2025-03-28 01:00:50.262000,86901.47646822476
2025-03-28 02:04:43.641000,87207.48052895733
2025-03-28 03:04:27.408000,87022.23634069061
2025-03-28 04:04:30.356000,87311.73452661555
2025-03-28 05:04:54.977000,87577.72538017163
2025-03-28 06:04:54.348000,87305.46595898429
2025-03-28 07:04:49.111000,87212.97468263778
2025-03-28 08:04:56.632000,87337.4665470881
2025-03-28 09:02:39.918000,87220.58974772833
2025-03-28 10:04:55.663000,87003.73711142981
2025-03-28 11:04:54.390000,86777.75784016024
2025-03-28 12:00:52.164000,86254.14224809303
2025-03-28 13:04:51.898000,86031.83128027114
2025-03-28 14:04:48.233000,85660.18490491247
2025-03-28 15:14:41.654000,85374.42563128132
2025-03-28 16:04:41.052000,85205.94321631963
2025-03-28 17:04:33.230000,85114.01221695973
2025-03-28 18:06:34.263000,84893.79618774568
2025-03-28 19:05:29.268000,85167.80064394798
2025-03-28 20:04:45.166000,85022.1158107608
2025-03-28 21:04:57.279000,84996.80217812448
2025-03-28 22:05:36.116000,84315.24214798606
2025-03-28 23:09:38.263000,84082.29777900936
2025-03-29 00:04:52.341000,83719.60743307101
2025-03-29 01:04:59.369000,83952.91072558291
2025-03-29 02:01:45.297000,83827.52742896962
2025-03-29 03:04:49.903000,83785.9970399872
2025-03-29 04:04:53.861000,83762.71757013239
2025-03-29 05:00:33.322000,83955.84709919438
2025-03-29 06:09:32.102000,84478.16251367884
2025-03-29 07:05:19.465000,84359.46915506005
2025-03-29 08:01:35.919000,84356.18868046836
2025-03-29 09:04:53.256000,84386.77613913322
2025-03-29 10:04:49.563000,83837.05251809006
2025-03-29 11:04:58.188000,84173.41437233011
2025-03-29 12:04:47.911000,84045.10988015977
2025-03-29 13:04:54.229000,83947.40619319715
2025-03-29 14:05:51.176000,83744.87093314683
2025-03-29 15:01:12.023000,83701.85920800563
2025-03-29 16:04:37.758000,83894.4274576301
2025-03-29 17:04:48.310000,83508.44848841902
2025-03-29 18:04:59.066000,82953.25385473119
2025-03-29 19:04:56.240000,82237.62203229136
2025-03-29 20:04:42.742000,82396.18735905731
2025-03-29 21:00:37.930000,82793.81582488914
2025-03-29 22:04:35.989000,82471.49051640474
2025-03-29 23:04:11.064000,82386.35050942781
2025-03-30 00:04:47.242000,82162.685941113
2025-03-30 01:04:42.267000,82346.68633969543
2025-03-30 02:07:26.735000,82305.29496801457
2025-03-30 03:08:56.150000,82502.35566528513
2025-03-30 04:04:20.736000,82483.38479164489
2025-03-30 05:07:31.099000,82428.14555995223
2025-03-30 06:07:59.216000,82311.72140355429
2025-03-30 07:04:55.150000,82603.84608714566
2025-03-30 08:04:32.657000,82780.67040433415
2025-03-30 09:04:34.358000,82930.05815369933
2025-03-30 10:04:38.823000,83292.98909963878
2025-03-30 11:04:34.040000,83066.49252905766
2025-03-30 12:04:32.991000,83096.07674952217
2025-03-30 13:04:35.220000,82935.22943299318
2025-03-30 14:00:33.863000,83137.68269393778
2025-03-30 15:04:39.130000,83053.40070328081
2025-03-30 16:04:46.751000,83353.632024973
2025-03-30 17:04:41.408000,83440.59474949405
2025-03-30 18:04:41.538000,83108.82259101293
2025-03-30 19:04:44.099000,83065.56137310392
2025-03-30 20:04:43.810000,83038.37790704927
2025-03-30 21:04:38.842000,82722.57464096136
2025-03-30 22:03:09.676000,82758.56160404938
2025-03-30 23:09:31.105000,82681.44287077147
2025-03-31 00:04:47.468000,82274.6912690196
2025-03-31 01:09:21.132000,82514.66681903032
2025-03-31 02:02:01.782000,82727.0691413136
2025-03-31 03:04:00.570000,82515.76586162791
2025-03-31 04:04:47.655000,82553.26654935416
2025-03-31 05:04:51.424000,82190.67408154199
2025-03-31 06:04:48.885000,82377.94312671632
2025-03-31 07:04:27.865000,82355.18824543593
2025-03-31 08:04:52.376000,81615.15679949729
2025-03-31 09:02:38.749000,81825.6051256894
2025-03-31 10:02:41.198000,81914.94920836002
2025-03-31 11:02:28.843000,81496.23755227726
2025-03-31 12:04:52.032000,81892.18710736942
2025-03-31 13:04:26.265000,82121.83919121162
2025-03-31 14:01:51.998000,81981.93953358226
2025-03-31 15:03:30.691000,81884.11109014327
2025-03-31 16:04:49.639000,81882.34625826216
2025-03-31 17:04:21.646000,81488.96451396754
2025-03-31 18:04:52.578000,82184.6497493072
2025-03-31 19:04:26.791000,82227.54336233468
2025-03-31 20:05:43.149000,82741.55197322981
2025-03-31 21:03:49.665000,82553.4254041944
2025-03-31 22:00:53.808000,83500.4896400052
2025-03-31 23:04:47.899000,83447.38626910759
2025-04-01 00:04:30.513000,83277.76436696327
2025-04-01 01:00:49.523000,82643.59909200664
2025-04-01 02:09:37.958000,83299.9810590052
2025-04-01 03:04:45.238000,82348.25633896062
2025-04-01 04:04:40.879000,82394.12780936091
2025-04-01 05:04:28.037000,82542.85168725922
2025-04-01 06:04:46.187000,82372.42496571247
2025-04-01 07:02:14.101000,82553.23623643283
2025-04-01 08:04:52.542000,82632.17739877684
2025-04-01 09:04:44.960000,82687.62921124356
2025-04-01 10:04:44.186000,83099.7132171393
2025-04-01 11:04:36.544000,82938.776894528
2025-04-01 12:04:34.613000,83037.21355746588
2025-04-01 13:04:46.868000,82965.36899692599
2025-04-01 14:04:35.765000,83434.03386130522
2025-04-01 15:04:53.710000,83460.19817794718
2025-04-01 16:09:44.944000,84301.95269620928
2025-04-01 17:04:44.581000,84370.26093529824
2025-04-01 18:04:49.221000,84194.93109759485
2025-04-01 19:01:34.929000,83889.52404655488
2025-04-01 20:09:32.720000,83589.39097506716
2025-04-01 21:04:39.019000,83619.87350890883
2025-04-01 22:06:18.541000,84281.84680860782
2025-04-01 23:04:48.622000,85311.29137218822
2025-04-02 00:04:45.615000,85089.10675897203
2025-04-02 01:04:56.957000,85253.00123334384
2025-04-02 02:04:40.475000,85133.05972535553
2025-04-02 03:05:45.976000,84929.06237244017
2025-04-02 04:04:51.962000,85245.22438987631
2025-04-02 05:04:42.548000,85244.43181925929
2025-04-02 06:04:52.481000,85073.12003223266
2025-04-02 07:04:51.597000,85151.38359873935
2025-04-02 08:04:54.025000,84981.39412820044
2025-04-02 09:04:56.429000,85152.65632409418
2025-04-02 10:04:59.886000,84728.41789937182
2025-04-02 11:09:44.525000,84650.3303317548
2025-04-02 12:04:41.614000,84580.70592294853
2025-04-02 13:04:49.985000,84083.22112364328
2025-04-02 14:04:49.860000,84126.51474147492
2025-04-02 15:04:34.459000,84416.00027025993
2025-04-02 16:04:43.251000,84665.33194165595
2025-04-02 17:04:51.032000,85021.65957232645
2025-04-02 18:00:28.903000,84844.77000604966
2025-04-02 19:09:32.518000,84597.15150833085
2025-04-02 20:09:30.048000,84938.61029698861
2025-04-02 21:04:58.557000,85461.5657413444
2025-04-02 22:07:35.023000,86036.13444049208
2025-04-02 23:09:25.304000,86617.24415685238
2025-04-03 00:04:57.119000,87106.00781966242
2025-04-03 01:03:23.992000,86612.92096605808
2025-04-03 02:04:56.151000,86317.97978903714
2025-04-03 03:04:30.944000,86412.29967901438
2025-04-03 04:02:08.126000,85654.66996320832
2025-04-03 05:04:58.273000,84604.64636587836
2025-04-03 06:05:43.323000,82670.64635520295
2025-04-03 07:00:33.025000,82526.4221526433
2025-04-03 08:04:57.817000,83067.24275015933
2025-04-03 09:04:49.283000,83776.68744254543
2025-04-03 10:03:06.659000,83783.75496624704
2025-04-03 11:04:32.946000,83487.8420491959
2025-04-03 12:04:24.002000,83564.27184811681
2025-04-03 13:04:54.873000,83409.39729897068
2025-04-03 14:04:36.116000,83003.67579388311
2025-04-03 15:03:27.563000,83494.99176119595
2025-04-03 16:04:53.534000,83710.89586871512
2025-04-03 17:02:13.103000,83575.16343053042
2025-04-03 18:04:34.260000,83230.13519692069
2025-04-03 19:04:25.956000,83050.51017309572
2025-04-03 20:07:16.129000,81957.14755593218
2025-04-03 21:09:22.246000,81974.59932693769
2025-04-03 22:07:10.424000,81476.42191638195
2025-04-03 23:09:41.555000,82305.22481184445
2025-04-04 00:04:45.474000,81831.40669422467
2025-04-04 01:04:56.196000,81883.96787174862
2025-04-04 02:04:23.432000,82023.69651873449
2025-04-04 03:04:39.573000,82010.58295485632
2025-04-04 04:04:54.534000,82337.19466168135
2025-04-04 05:04:26.624000,82763.14038772575
2025-04-04 06:04:50.984000,82654.29602655036
2025-04-04 07:05:40.782000,83208.52796536
2025-04-04 08:04:43.728000,83029.72559074209
2025-04-04 09:04:47.660000,82676.67638736672
2025-04-04 10:04:33.317000,82870.73001816859
2025-04-04 11:04:43.226000,82793.26810143121
2025-04-04 12:04:52.661000,82709.74394735025
2025-04-04 13:08:04.340000,83155.70194321594
2025-04-04 14:04:33.552000,83064.77766424145
2025-04-04 15:04:50.551000,84003.03159736587
2025-04-04 16:04:49.047000,84375.94429798229
2025-04-04 17:04:35.357000,84613.64673947358
2025-04-04 18:04:36.527000,82548.3231829159
2025-04-04 19:02:51.787000,82701.99933626983
2025-04-04 20:02:03.133000,82809.93939073119
2025-04-04 21:09:32.286000,83238.43488678202
2025-04-04 22:09:36.258000,83111.34435575195
2025-04-04 23:05:00.114000,82881.13400156828
2025-04-05 00:04:54.284000,83345.06970919853
2025-04-05 01:03:53.933000,84430.20296834389
2025-04-05 02:04:58.705000,83881.50017713505
2025-04-05 03:04:40.257000,84003.03688086948
2025-04-05 04:07:01.180000,83997.83057459719
2025-04-05 05:04:52.147000,84162.25073278768
2025-04-05 06:04:43.435000,84032.71900547225
2025-04-05 07:06:50.663000,83733.5293123474
2025-04-05 08:04:30.834000,83784.56595678756
2025-04-05 09:04:50.860000,83958.723779881
2025-04-05 10:04:35.072000,83944.75551931879
2025-04-05 11:07:37.484000,83616.73180229477
2025-04-05 12:04:42.964000,83658.77387416866
2025-04-05 13:04:43.450000,83674.19259061506
2025-04-05 14:04:46.421000,83455.56861802349
2025-04-05 15:04:41.783000,83491.71149443637
2025-04-05 16:04:49.330000,83508.26233301332
2025-04-05 17:04:55.829000,83853.69411353327
2025-04-05 18:09:36.812000,83642.02603878912
2025-04-05 19:09:25.025000,83422.40556286192
2025-04-05 20:02:26.968000,83241.35572383246
2025-04-05 21:04:54.912000,82718.10761381598
2025-04-05 22:04:41.892000,82907.99227530952
2025-04-05 23:04:48.270000,82623.6290432163
2025-04-06 00:02:29.563000,82734.08954677006
2025-04-06 01:04:45.253000,82819.72161473092
2025-04-06 02:02:14.339000,83065.2030025991
2025-04-06 03:04:46.036000,82842.65807273751
2025-04-06 04:04:56.430000,83048.82025070609
2025-04-06 05:04:59.759000,82909.58127927136
2025-04-06 06:04:48.207000,83167.51792928776
2025-04-06 07:04:52.197000,83514.33824375339
2025-04-06 08:04:52.044000,83478.3555807481
2025-04-06 09:00:54.662000,83397.09190766429
2025-04-06 10:04:43.792000,83276.1107612312
2025-04-06 11:04:48.480000,83315.28334221698
2025-04-06 12:04:45.972000,83466.04551371699
2025-04-06 13:04:53.790000,83417.47028660915
2025-04-06 14:04:52.241000,83089.49111405638
2025-04-06 15:02:20.660000,82975.83411105986
2025-04-06 16:04:53.547000,83007.51033558365
2025-04-06 17:04:52.140000,83027.183569238
2025-04-06 18:01:41.891000,82814.296001643
2025-04-06 19:03:54.727000,82806.57594457337
2025-04-06 20:04:42.431000,82640.53404661184
2025-04-06 21:04:54.271000,82259.21568163771
2025-04-06 22:04:39.677000,82583.11633305943
2025-04-06 23:05:36.876000,82409.48424398851
2025-04-07 00:03:35.595000,81902.07701788642
2025-04-07 01:09:47.199000,80308.20456629425
2025-04-07 02:09:38.060000,78970.01327663523
2025-04-07 03:09:29.486000,79727.02415711907
2025-04-07 04:04:43.760000,78831.61045651248
2025-04-07 05:04:34.872000,78898.16417534047
2025-04-07 06:09:37.698000,77918.79195001676
2025-04-07 07:04:25.632000,78366.83212378949
2025-04-07 08:09:36.560000,78387.6912670073
2025-04-07 09:43:31.760000,78393.60272692906
2025-04-07 10:27:53.990000,78102.0875366474
2025-04-07 11:00:32.190000,77583.13554332654
2025-04-07 12:07:04.098000,76710.56508400357
2025-04-07 13:04:01.885000,76867.82910572468
2025-04-07 14:04:51.241000,74773.2587934775
2025-04-07 15:04:57.434000,75161.94887573915
2025-04-07 16:04:54.764000,76178.35448995476
2025-04-07 17:01:14.412000,76233.23187588078
2025-04-07 18:04:03.946000,76919.88747388404
2025-04-07 19:04:51.597000,76790.25609208614
2025-04-07 20:04:57.142000,77203.88350041474
2025-04-07 21:02:14.119000,78421.18308496752
2025-04-07 22:06:30.802000,79250.75260353838
2025-04-07 23:04:41.116000,78444.4226404733
2025-04-08 00:04:48.804000,77421.74966092409
2025-04-08 01:04:51.047000,79063.49516004637
2025-04-08 02:04:58.978000,78467.73933090719
2025-04-08 03:04:38.720000,78046.94250227706
2025-04-08 04:01:51.833000,78824.84561495368
2025-04-08 05:04:41.932000,79172.2817090801
2025-04-08 06:04:50.992000,79898.18473633853
2025-04-08 07:25:35.422000,79462.14204389678
2025-04-08 08:04:42.940000,78928.09866658547
2025-04-08 09:04:33.216000,80678.70925924664
2025-04-08 10:06:03.716000,79900.64902994683
2025-04-08 11:04:58.540000,79875.47993646495
2025-04-08 12:09:37.246000,80007.32341078427
2025-04-08 13:04:47.463000,79799.90914623915
2025-04-08 14:05:32.514000,79411.29383844102
2025-04-08 15:04:59.881000,79446.76021326096
2025-04-08 16:07:43.185000,79090.38478456163
2025-04-08 17:05:19.110000,78932.56330430893
2025-04-08 18:03:54.774000,78970.69563692114
2025-04-08 19:09:47.980000,79860.58407289122
2025-04-08 20:05:56.148000,79830.81203946835
2025-04-08 21:04:52.051000,79839.36409691784
2025-04-08 22:04:43.127000,78772.54353637139
2025-04-08 23:09:32.391000,78407.02418753588
2025-04-09 00:07:11.033000,77348.32262284741
2025-04-09 01:09:49.532000,77268.01412263024
2025-04-09 02:09:43.743000,77152.06625886497
2025-04-09 03:04:48.179000,76748.49569818853
2025-04-09 04:04:53.120000,76989.32782724098
2025-04-09 05:01:03.759000,77011.48228778424
2025-04-09 06:01:32.604000,76617.7575009251
2025-04-09 07:05:21.509000,76300.77843824399
2025-04-09 08:01:07.034000,76436.39359258307
2025-04-09 09:04:58.560000,76006.86998159163
2025-04-09 10:09:33.036000,75658.78700635744
2025-04-09 11:04:51.829000,75101.3997278555
2025-04-09 12:04:51.344000,76346.08636985684
2025-04-09 13:04:49.838000,76610.86422122183
2025-04-09 14:00:45.626000,76915.69399121219
2025-04-09 15:05:21.722000,77711.09591952938
2025-04-09 16:04:46.936000,77268.17847587695
2025-04-09 17:33:46.596000,77316.05556408654
2025-04-09 18:04:44.447000,77214.3488944691
2025-04-09 19:04:44.301000,76129.73403043275
2025-04-09 20:04:41.476000,76829.34847591358
2025-04-09 21:09:36.107000,77860.31844171116
2025-04-09 22:04:59.204000,77023.89133348042
2025-04-09 23:04:53.788000,77141.99408276133
2025-04-10 00:05:55.304000,78095.08055640166
2025-04-10 01:04:38.303000,81841.29813646984
2025-04-10 02:04:51.159000,81938.0185184143
2025-04-10 03:00:17.560000,82328.13489688843
2025-04-10 04:05:41.946000,83004.7027605787
2025-04-10 05:04:42.421000,83315.43959137528
2025-04-10 06:04:59.794000,83058.34775924393
2025-04-10 07:04:50.148000,82595.42668033838
2025-04-10 08:04:28.190000,82182.12470713933
2025-04-10 09:09:17.592000,82285.79183047339
2025-04-10 10:06:01.380000,82121.20904532197
2025-04-10 11:44:15.952000,81720.2016936257
2025-04-10 12:49:12.494000,82128.18344703503
2025-04-10 13:19:44.095000,82189.87168997104
2025-04-10 15:30:56.064000,81696.40122795808
2025-04-10 15:47:37.956000,81618.62070888275
2025-04-10 16:01:00.271000,81532.13745973041
2025-04-10 17:57:30.741000,81656.71640958315
2025-04-10 18:26:28.733000,81549.5629152091
2025-04-10 19:07:59.873000,81773.4962941072
2025-04-10 20:04:57.964000,81658.41593509233
2025-04-10 21:04:33.966000,81024.51565768477
2025-04-10 22:04:57.212000,81329.67668040557
2025-04-10 23:05:00.136000,78835.58867030361
2025-04-11 00:06:06.973000,79368.23940861579
2025-04-11 01:08:31.092000,79297.99031979717
2025-04-11 02:05:30.902000,79529.67606306932
2025-04-11 03:09:28.195000,79724.89465979146
2025-04-11 04:08:37.278000,79878.62357184727
2025-04-11 05:05:26.534000,79709.36877328751
2025-04-11 06:04:40.889000,79715.508089801
2025-04-11 07:04:58.587000,79556.41318002685
2025-04-11 08:07:39.334000,79086.09032816654
2025-04-11 09:04:58.214000,80069.49594573223
2025-04-11 10:04:42.488000,80322.94507383362
2025-04-11 11:04:42.416000,80758.214835068
2025-04-11 12:04:43.780000,80822.59872142244
2025-04-11 13:00:59.145000,80747.36408765496
2025-04-11 14:04:38.895000,81065.03226648102
2025-04-11 15:04:56.499000,81251.15450032747
2025-04-11 16:04:29.374000,81531.54534166763
2025-04-11 17:04:55.196000,82296.44406983381
2025-04-11 18:04:57.441000,82622.7737499299
2025-04-11 19:04:48.038000,82096.00775002626
2025-04-11 20:02:57.840000,82039.16991257631
2025-04-11 21:04:51.767000,82687.66283280615
2025-04-11 22:04:50.011000,81969.68431773817
2025-04-11 23:06:57.101000,82480.3838471879
2025-04-12 00:04:59.237000,82782.29915850204
2025-04-12 01:04:08.640000,83874.22618739116
2025-04-12 02:04:37.606000,83625.9499325832
2025-04-12 03:04:51.501000,83820.09298809218
2025-04-12 04:04:56.671000,83849.48096887217
2025-04-12 05:02:50.679000,83687.0262905728
2025-04-12 06:02:04.630000,83403.67277102497
2025-04-12 07:04:54.651000,83437.92254404748
2025-04-12 08:04:53.658000,83339.31246065375
2025-04-12 09:02:29.713000,83170.65968986193
2025-04-12 10:09:03.694000,82861.85819962031
2025-04-12 11:04:58.092000,82961.51750754256
2025-04-12 12:04:49.346000,83199.96650893788
2025-04-12 13:03:58.541000,83303.79275397805
2025-04-12 14:04:51.887000,83549.9107448874
2025-04-12 15:04:44.290000,83704.62816108475
2025-04-12 16:09:09.084000,83666.1312703991
2025-04-12 17:04:51.899000,83500.54104423865
2025-04-12 18:09:34.402000,83447.195072062
2025-04-12 19:08:15.164000,83502.21970476018
2025-04-12 20:02:26.489000,83737.13579117409
2025-04-12 21:15:21,84493.6522006679
